{
    "company": {
        "nombre": "Banco Davivienda SA",
        "sector": "Financiero",
        "logo": "davivienda-logo.png",
        "slug": "banco-davivienda-sa"
    },
    "kpis": {
        "net_income": 268584000000.0,
        "roe": 0.016307297822997842,
        "roa": 0.0017955446354029371,
        "solvency": 0.10605217219285466,
        "loan_portfolio": 101525475000000.0,
        "npl": 0.0,
        "deposits": 139652798000000.0,
        "nim": 0.011908831422441604
    },
    "quarters": [
        {
            "period": "Q1 2025",
            "net_income": 268584000000.0,
            "roe": 0.016307297822997842,
            "roa": 0.0017955446354029371,
            "solvency": 0.10605217219285466,
            "loan_portfolio": 101525475000000.0,
            "npl": 0.0,
            "deposits": 139652798000000.0,
            "nim": 0.011908831422441604
        },
        {
            "period": "Q2 2025",
            "net_income": 430124000000.0,
            "roe": 0.025325506749774757,
            "roa": 0.0028097934199799316,
            "solvency": 0.09754431133338799,
            "loan_portfolio": 102184055000000.0,
            "npl": 0.0,
            "deposits": 139940054000000.0,
            "nim": 0.013628937367637038
        },
        {
            "period": "Q3 2025",
            "net_income": 393286000000.0,
            "roe": 0.022519994005906714,
            "roa": 0.0025236243842102013,
            "solvency": 0.10074793384786332,
            "loan_portfolio": 104791203000000.0,
            "npl": 0.0,
            "deposits": 139515157000000.0,
            "nim": 0.01373138671747962
        },
        {
            "period": "Q4 2025",
            "net_income": "",
            "roe": "",
            "roa": "",
            "solvency": "",
            "loan_portfolio": "",
            "npl": "",
            "deposits": "",
            "nim": ""
        }
    ]
}