{
    "company": {
        "nombre": "Banco de Bogota",
        "sector": "Financiero",
        "logo": "bancodebogota-logo.png",
        "slug": "banco-de-bogota"
    },
    "kpis": {
        "net_income": 268584000000.0,
        "roe": 0.016307297822997842,
        "roa": 0.0017955446354029371,
        "solvency": 0.1555817107836108,
        "loan_portfolio": 101525475000000.0,
        "npl": 0.11630092841230243,
        "deposits": 129121422000000.0,
        "nim": 0.008043210726918304
    },
    "quarters": [
        {
            "period": "Q1 2025",
            "net_income": 268584000000.0,
            "roe": 0.016307297822997842,
            "roa": 0.0017955446354029371,
            "solvency": 0.1555817107836108,
            "loan_portfolio": 101525475000000.0,
            "npl": 0.11630092841230243,
            "deposits": 129121422000000.0,
            "nim": 0.008043210726918304
        },
        {
            "period": "Q2 2025",
            "net_income": 430124000000.0,
            "roe": 0.025325506749774757,
            "roa": 0.0028097934199799316,
            "solvency": 0.1448473472928839,
            "loan_portfolio": 102184055000000.0,
            "npl": 0.11095066642246679,
            "deposits": 131624964000000.0,
            "nim": 0.008622451250151745
        },
        {
            "period": "Q3 2025",
            "net_income": 393286000000.0,
            "roe": 0.022519994005906714,
            "roa": 0.0025236243842102013,
            "solvency": 0.1458969219403621,
            "loan_portfolio": 104791203000000.0,
            "npl": 0.11027420879975965,
            "deposits": 134763027000000.0,
            "nim": 0.008333692125016369
        },
        {
            "period": "Q4 2025",
            "net_income": "",
            "roe": "",
            "roa": "",
            "solvency": "",
            "loan_portfolio": "",
            "npl": "",
            "deposits": "",
            "nim": ""
        }
    ]
}